100.00	1505101	0	R	1	root
100.00	1505086	0	R1	131567	  cellular organisms
99.85	1502818	0	D	2	    Bacteria
51.18	770321	0	D1	1783270	      FCB group
51.18	770321	0	D2	68336	        Bacteroidetes/Chlorobi group
51.18	770321	0	P	976	          Bacteroidota
49.83	750025	0	C	200643	            Bacteroidia
49.83	749955	0	O	171549	              Bacteroidales
42.78	643853	0	F	171552	                Prevotellaceae
41.97	631650	0	G	838	                  Prevotella
30.59	460396	460396	S	28132	                    Prevotella melaninogenica
2.11	31711	31711	S	470565	                    Prevotella histicola
1.17	17556	0	G1	2638335	                    unclassified Prevotella
0.74	11166	11166	S	652716	                      Prevotella sp. oral taxon 299
0.20	3078	3078	S	2937774	                      Prevotella sp. E15-22
0.14	2145	2145	S	712471	                      Prevotella sp. oral taxon 475
0.03	445	445	S	2691580	                      Prevotella sp. Rep29
0.03	457	457	S	2913616	                      Prevotella sp. E13-17
0.01	218	218	S	2913621	                      Prevotella sp. E9-3
0.00	44	44	S	2913620	                      Prevotella sp. E2-28
2.61	39350	39350	S	1177574	                    Prevotella jejuni
1.64	24610	24610	S	28137	                    Prevotella veroralis
0.72	10867	10867	S	28135	                    Prevotella oris
0.34	5104	5104	S	2801997	                    Prevotella herbatica
0.51	7666	7666	S	28131	                    Prevotella intermedia
0.29	4295	4295	S	28133	                    Prevotella nigrescens
1.36	20485	20485	S	28129	                    Prevotella denticola
0.20	3082	3082	S	589437	                    Prevotella scopos
0.10	1434	1434	S	589436	                    Prevotella fusca
0.05	792	792	S	839	                    Prevotella ruminicola
0.05	806	806	S	165179	                    Prevotella copri
0.07	1019	1019	S	52227	                    Prevotella dentalis
0.05	825	825	S	28128	                    Prevotella corporis
0.04	566	566	S	77095	                    Prevotella bryantii
0.07	1076	1076	S	282402	                    Prevotella multiformis
0.49	7349	0	G	2884814	                  Pseudoprevotella
0.49	7349	7349	S	2133944	                    Pseudoprevotella muciniphila
0.17	2566	0	G	577309	                  Paraprevotella
0.17	2566	2566	S	454155	                    Paraprevotella xylaniphila
0.15	2287	0	G	2974257	                  Hoylesella
0.09	1296	1296	S	76123	                    Hoylesella enoeca
0.07	991	991	S	28127	                    Hoylesella buccalis
5.96	89754	0	F	171551	                Porphyromonadaceae
5.96	89754	0	G	836	                  Porphyromonas
4.91	73911	0	G1	2645799	                    unclassified Porphyromonas
4.91	73911	73911	S	712435	                      Porphyromonas sp. oral taxon 275
0.60	9041	9041	S	28124	                    Porphyromonas endodontalis
0.31	4738	4738	S	837	                    Porphyromonas gingivalis
0.11	1715	1715	S	36874	                    Porphyromonas cangingivalis
0.01	199	199	S	28123	                    Porphyromonas asaccharolytica
0.01	86	86	S	393921	                    Porphyromonas crevioricanis
0.00	62	62	S	322095	                    Porphyromonas somerae
0.72	10816	0	F	815	                Bacteroidaceae
0.47	7082	0	G	816	                  Bacteroides
0.09	1422	1422	S	46506	                    Bacteroides stercoris
0.07	1041	1041	S	28113	                    Bacteroides heparinolyticus
0.03	414	414	S	47678	                    Bacteroides caccae
0.02	375	375	S	28119	                    Bacteroides zoogleoformans
0.02	324	324	S	291644	                    Bacteroides salyersiae
0.01	150	150	S	2715212	                    Bacteroides faecium
0.01	136	136	S	817	                    Bacteroides fragilis
0.01	148	148	S	371601	                    Bacteroides xylanisolvens
0.01	92	92	S	820	                    Bacteroides uniformis
0.02	337	337	S	818	                    Bacteroides thetaiotaomicron
0.00	39	39	S	2650157	                    Bacteroides zhangwenhongii
0.00	33	33	S	28111	                    Bacteroides eggerthii
0.00	31	31	S	674529	                    Bacteroides faecis
0.17	2518	2518	S	28116	                    Bacteroides ovatus
0.00	16	16	S	329854	                    Bacteroides intestinalis
0.25	3733	0	G	909656	                  Phocaeicola
0.15	2276	2276	S	357276	                    Phocaeicola dorei
0.05	787	787	S	376805	                    Phocaeicola salanitronis
0.04	625	625	S	387090	                    Phocaeicola coprophilus
0.00	43	43	S	821	                    Phocaeicola vulgatus
0.16	2416	0	F	2005525	                Tannerellaceae
0.14	2111	0	G	195950	                  Tannerella
0.09	1425	1425	S	712710	                    Tannerella serpentiformis
0.05	686	686	S	28112	                    Tannerella forsythia
0.02	305	0	G	375288	                  Parabacteroides
0.01	225	225	S	823	                    Parabacteroides distasonis
0.00	39	39	S	328812	                    Parabacteroides goldsteinii
0.00	18	18	S	1217282	                    Parabacteroides faecis
0.00	20	20	S	387661	                    Parabacteroides johnsonii
0.10	1433	0	F	2005519	                Barnesiellaceae
0.09	1394	0	G	1348911	                  Coprobacter
0.09	1394	1394	S	1501392	                    Coprobacter secundus
0.00	38	0	G	397864	                  Barnesiella
0.00	38	38	S	397865	                    Barnesiella viscericola
0.05	790	0	F	1853231	                Odoribacteraceae
0.05	790	0	G	283168	                  Odoribacter
0.05	790	790	S	28118	                    Odoribacter splanchnicus
0.02	267	0	F	2005473	                Muribaculaceae
0.01	192	0	G	2518495	                  Duncaniella
0.01	192	192	S	2518971	                    Duncaniella dubosii
0.00	49	0	G	1918540	                  Muribaculum
0.00	33	33	S	2530390	                    Muribaculum gordoncarteri
0.00	16	16	S	1796646	                    Muribaculum intestinale
0.00	25	0	G	2815786	                  Sodaliphilus
0.00	25	25	S	2606626	                    Sodaliphilus pleomorphus
0.01	220	0	F	171550	                Rikenellaceae
0.01	220	0	G	239759	                  Alistipes
0.00	42	42	S	2585118	                    Alistipes communis
0.00	28	28	S	2364787	                    Alistipes megaguti
0.00	40	40	S	328813	                    Alistipes onderdonkii
0.00	51	51	S	328814	                    Alistipes shahii
0.00	36	36	S	214856	                    Alistipes finegoldii
0.00	20	20	S	1288121	                    Alistipes senegalensis
0.01	152	0	O1	333046	                Bacteroidales incertae sedis
0.01	152	0	G	511434	                  Candidatus Azobacteroides
0.01	152	152	S	511435	                    Candidatus Azobacteroides pseudotrichonymphae
0.01	101	0	F	1970190	                Salinivirgaceae
0.01	101	0	G	1970191	                  Salinivirga
0.01	101	101	S	1307839	                    Salinivirga cyanobacteriivorans
0.01	88	0	F	2005520	                Dysgonomonadaceae
0.01	88	0	G	307628	                  Petrimonas
0.01	88	88	S	1642646	                    Petrimonas mucosa
0.00	39	0	F	2760872	                Tenuifilaceae
0.00	39	0	G	2760873	                  Tenuifilum
0.00	39	39	S	2590900	                    Tenuifilum thalassicum
0.00	21	0	F	2005523	                Paludibacteraceae
0.00	21	0	G	346096	                  Paludibacter
0.00	21	21	S	185300	                    Paludibacter propionicigenes
0.00	69	0	O	1970189	              Marinilabiliales
0.00	69	0	F	558415	                Marinilabiliaceae
0.00	69	0	G	286729	                  Alkaliflexus
0.00	69	0	G1	2644571	                    unclassified Alkaliflexus
0.00	69	69	S	2949635	                      Alkaliflexus sp. Ai-910
1.27	19145	0	C	117743	            Flavobacteriia
1.27	19145	0	O	200644	              Flavobacteriales
1.04	15710	0	F	49546	                Flavobacteriaceae
0.94	14204	0	G	1016	                  Capnocytophaga
0.51	7664	7664	S	1017	                    Capnocytophaga gingivalis
0.24	3610	3610	S	1019	                    Capnocytophaga sputigena
0.09	1286	0	G1	2640652	                    unclassified Capnocytophaga
0.02	307	307	S	2545799	                      Capnocytophaga sp. FDAARGOS_737
0.01	108	108	S	1316596	                      Capnocytophaga sp. oral taxon 878
0.03	402	402	S	1316593	                      Capnocytophaga sp. oral taxon 864
0.02	267	267	S	1705617	                      Capnocytophaga sp. oral taxon 323
0.01	200	200	S	2748316	                      Capnocytophaga sp. oral taxon 902
0.06	884	884	S	1018	                    Capnocytophaga ochracea
0.02	326	326	S	327575	                    Capnocytophaga leadbetteri
0.02	285	285	S	2708117	                    Capnocytophaga endodontalis
0.01	147	147	S	45243	                    Capnocytophaga haemolytica
0.03	490	0	G	2715289	                  Amniculibacterium
0.03	490	0	G1	2767187	                    unclassified Amniculibacterium
0.03	490	490	S	2767188	                      Amniculibacterium sp. G2-70
0.02	337	0	G	561367	                  Salinimicrobium
0.02	337	0	G1	2643747	                    unclassified Salinimicrobium
0.02	337	337	S	2809707	                      Salinimicrobium sp. HN-2-9-2
0.02	244	0	G	111500	                  Muricauda
0.02	244	244	S	1383885	                    Muricauda aurantiaca
0.01	213	0	G	237	                  Flavobacterium
0.01	213	213	S	2906077	                    Flavobacterium davisii
0.01	148	0	G	363408	                  Nonlabens
0.01	148	148	S	331648	                    Nonlabens spongiae
0.00	38	0	G	83612	                  Psychroflexus
0.00	38	0	G1	196864	                    unclassified Psychroflexus
0.00	38	38	S	2777186	                      Psychroflexus sp. ALD_RP9
0.00	33	0	G	2967089	                  Abyssalbus
0.00	33	33	S	2926907	                    Abyssalbus ytuae
0.22	3334	0	F	2762318	                Weeksellaceae
0.13	1942	0	F1	2782232	                  Chryseobacterium group
0.12	1807	0	G	59732	                    Chryseobacterium
0.06	933	0	G1	2593645	                      unclassified Chryseobacterium
0.03	440	440	S	2997336	                        Chryseobacterium sp. CY350
0.03	493	493	S	2713414	                        Chryseobacterium sp. POL2
0.02	347	347	S	1265445	                      Chryseobacterium camelliae
0.01	172	172	S	2497456	                      Chryseobacterium aureum
0.01	186	186	S	536441	                      Chryseobacterium taklimakanense
0.01	168	168	S	651561	                      Chryseobacterium arthrosphaerae
0.01	135	0	G	2782231	                    Kaistella
0.00	26	0	G1	2762626	                      unclassified Kaistella
0.00	26	26	S	2908645	                        Kaistella sp. 97-N-M2
0.01	108	108	S	2820270	                      Candidatus Kaistella beijingensis
0.04	627	0	G	59735	                  Bergeyella
0.04	627	627	S	1585976	                    Bergeyella cardium
0.03	415	0	G	34084	                  Riemerella
0.03	415	415	S	34085	                    Riemerella anatipestifer
0.02	261	0	G	308865	                  Elizabethkingia
0.02	261	0	G1	2685307	                    unclassified Elizabethkingia
0.02	261	261	S	2583851	                      Elizabethkingia sp. JS20170427COW
0.01	87	0	G	59734	                  Empedobacter
0.01	87	87	S	343874	                    Empedobacter falsenii
0.00	45	0	F	1853230	                Crocinitomicaceae
0.00	45	0	G	332102	                  Fluviicola
0.00	45	45	S	191579	                    Fluviicola taffensis
0.00	37	0	F	39782	                Blattabacteriaceae
0.00	37	0	G	34098	                  Blattabacterium
0.00	37	37	S	1653831	                    Blattabacterium cuenoti
0.00	18	0	O1	313602	                Flavobacteriales incertae sedis
0.00	18	0	G	336809	                  Candidatus Karelsulcia
0.00	18	18	S	336810	                    Candidatus Karelsulcia muelleri
0.06	862	0	C	768503	            Cytophagia
0.06	862	0	O	768507	              Cytophagales
0.05	756	0	F	2762301	                Marivirgaceae
0.05	756	0	G	869806	                  Marivirga
0.05	756	756	S	1006	                    Marivirga tractuosa
0.00	57	0	F	89373	                Cytophagaceae
0.00	57	0	G	107	                  Spirosoma
0.00	57	0	G1	2621999	                    unclassified Spirosoma
0.00	57	57	S	2745947	                      Spirosoma sp. KUDC1026
0.00	19	0	F	2896860	                Spirosomaceae
0.00	19	0	G	319458	                  Leadbetterella
0.00	19	19	S	316068	                    Leadbetterella byssophila
0.00	18	0	F	563798	                Cyclobacteriaceae
0.00	18	0	G	1511649	                  Mongoliitalea
0.00	18	18	S	2782006	                    Mongoliitalea daihaiensis
0.00	11	0	F	2762286	                Fulvivirgaceae
0.00	11	0	G	1433993	                  Chryseolinea
0.00	11	11	S	2321403	                    Chryseolinea soli
0.01	150	0	C	117747	            Sphingobacteriia
0.01	150	0	O	200666	              Sphingobacteriales
0.01	150	0	F	84566	                Sphingobacteriaceae
0.01	99	0	G	84567	                  Pedobacter
0.01	99	99	S	336820	                    Pedobacter roseus
0.00	51	0	G	423349	                  Mucilaginibacter
0.00	51	51	S	2027860	                    Mucilaginibacter rubeus
0.01	94	0	C	1853228	            Chitinophagia
0.01	94	0	O	1853229	              Chitinophagales
0.01	94	0	F	563835	                Chitinophagaceae
0.00	67	0	G	79328	                  Chitinophaga
0.00	67	0	G1	2619133	                    unclassified Chitinophaga
0.00	67	67	S	2604421	                      Chitinophaga sp. XS-30
0.00	26	0	G	649460	                  Filimonas
0.00	26	26	S	477680	                    Filimonas lacunae
0.00	29	0	P1	171558	            Bacteroidetes incertae sedis
0.00	18	0	O	2923288	              Candidatus Sulfidibacteriales
0.00	18	0	G	2923290	                Candidatus Sulfidibacterium
0.00	18	18	S	2875962	                  Candidatus Sulfidibacterium hydrothermale
0.00	11	0	F	563843	              Rhodothermaceae
0.00	11	0	G	29548	                Rhodothermus
0.00	11	11	S	29549	                  Rhodothermus marinus
0.00	14	0	C	1937959	            Saprospiria
0.00	14	0	O	1936988	              Saprospirales
0.00	14	0	F	1937961	                Haliscomenobacteraceae
0.00	14	0	G	2349	                  Haliscomenobacter
0.00	14	14	S	2350	                    Haliscomenobacter hydrossis
36.33	546835	0	P	1224	      Pseudomonadota
25.42	382557	0	C	28216	        Betaproteobacteria
23.89	359547	0	O	206351	          Neisseriales
23.89	359519	0	F	481	            Neisseriaceae
23.26	350151	0	G	482	              Neisseria
2.98	44819	44819	S	28449	                Neisseria subflava
9.33	140360	140360	S	488	                Neisseria mucosa
0.60	9083	0	G1	2623750	                unclassified Neisseria
0.59	8810	8810	S	641148	                  Neisseria sp. oral taxon 014
0.01	128	128	S	2709396	                  Neisseria sp. ZJ785
0.01	124	124	S	2912188	                  Neisseria sp. ZJ106
0.00	20	20	S	655307	                  Neisseria sp. KEM232
1.37	20545	20545	S	490	                Neisseria sicca
0.27	4058	4058	S	1815583	                Neisseria musculi
0.52	7845	7845	S	484	                Neisseria flavescens
7.08	106595	106595	S	487	                Neisseria meningitidis
0.22	3366	3366	S	495	                Neisseria elongata
0.52	7831	7831	S	485	                Neisseria gonorrhoeae
0.08	1245	1245	S	483	                Neisseria cinerea
0.09	1376	1376	S	486	                Neisseria lactamica
0.14	2117	2117	S	496	                Neisseria macacae
0.02	230	230	S	1853278	                Neisseria chenwenguii
0.01	94	94	S	326522	                Neisseria animaloris
0.01	96	96	S	267212	                Neisseria bacilliformis
0.00	71	71	S	1853276	                Neisseria weixii
0.01	85	85	S	2666100	                Neisseria brasiliensis
0.00	47	47	S	194197	                Neisseria dentiae
0.00	48	48	S	640030	                Neisseria zalophi
0.00	51	51	S	28091	                Neisseria weaveri
0.00	36	36	S	492	                Neisseria animalis
0.00	33	33	S	1470200	                Neisseria arctica
0.00	33	33	S	607711	                Neisseria wadsworthii
0.00	31	31	S	493	                Neisseria canis
0.00	26	26	S	1931275	                Neisseria dumasiana
0.00	17	17	S	607712	                Neisseria shayeganii
0.52	7765	0	G	212742	              Morococcus
0.52	7765	7765	S	1056807	                Morococcus cerebrosus
0.03	520	0	G	334107	              Conchiformibius
0.03	520	520	S	153493	                Conchiformibius steedae
0.03	459	0	G	32257	              Kingella
0.02	248	248	S	505	                Kingella oralis
0.01	129	129	S	504	                Kingella kingae
0.00	60	60	S	502	                Kingella denitrificans
0.00	21	21	S	265175	                Kingella potus
0.01	187	0	G	538	              Eikenella
0.01	187	187	S	539	                Eikenella corrodens
0.01	115	0	G	194195	              Alysiella
0.01	115	115	S	153491	                Alysiella crassa
0.01	88	0	G	2944815	              Wielerella
0.01	88	88	S	2917790	                Wielerella bovis
0.00	67	0	G	1193515	              Snodgrassella
0.00	67	67	S	1196083	                Snodgrassella alvi
0.00	65	0	G	2898489	              Paralysiella
0.00	65	65	S	2809020	                Paralysiella testudinis
0.00	57	0	G	2593687	              Aquella
0.00	57	57	S	2067065	                Aquella oligotrophica
0.00	25	0	G	71	              Simonsiella
0.00	25	25	S	72	                Simonsiella muelleri
0.00	14	0	G	299568	              Uruburuella
0.00	14	14	S	1282863	                Uruburuella testudinis
0.00	27	0	F	1499392	            Chromobacteriaceae
0.00	27	0	G	885864	              Jeongeupia
0.00	27	0	G1	2619593	                unclassified Jeongeupia
0.00	27	27	S	1009682	                  Jeongeupia sp. HS-3
1.52	22926	0	O	80840	          Burkholderiales
1.46	22033	0	F	119060	            Burkholderiaceae
1.04	15594	0	G	47670	              Lautropia
1.04	15594	15594	S	47671	                Lautropia mirabilis
0.41	6127	0	G	32008	              Burkholderia
0.26	3921	0	G1	111527	                pseudomallei group
0.10	1519	1519	S	28450	                  Burkholderia pseudomallei
0.07	1001	1001	S	57975	                  Burkholderia thailandensis
0.09	1400	1400	S	13373	                  Burkholderia mallei
0.15	2205	0	G1	87882	                Burkholderia cepacia complex
0.00	23	23	S	95486	                  Burkholderia cenocepacia
0.14	2163	2163	S	292	                  Burkholderia cepacia
0.00	17	17	S	60552	                  Burkholderia vietnamiensis
0.01	98	0	G	93217	              Pandoraea
0.01	98	98	S	445709	                Pandoraea thiooxydans
0.01	82	0	G	1822464	              Paraburkholderia
0.00	61	61	S	36873	                Paraburkholderia xenovorans
0.00	21	21	S	169430	                Paraburkholderia hospita
0.01	78	0	G	48736	              Ralstonia
0.01	78	78	S	305	                Ralstonia solanacearum
0.00	25	0	G	106589	              Cupriavidus
0.00	25	25	S	164546	                Cupriavidus taiwanensis
0.00	13	0	G	44013	              Polynucleobacter
0.00	13	13	S	576610	                Polynucleobacter necessarius
0.00	12	0	G	2571159	              Mycetohabitans
0.00	12	12	S	412963	                Mycetohabitans rhizoxinica
0.05	825	0	F	80864	            Comamonadaceae
0.05	744	0	G	283	              Comamonas
0.05	688	688	S	225991	                Comamonas aquatica
0.00	56	56	S	285	                Comamonas testosteroni
0.00	44	0	G	52972	              Polaromonas
0.00	44	44	S	216465	                Polaromonas naphthalenivorans
0.00	37	0	G	12916	              Acidovorax
0.00	37	0	G1	2684926	                unclassified Acidovorax
0.00	37	37	S	358220	                  Acidovorax sp. KKS102
0.00	31	0	F	2975441	            Sphaerotilaceae
0.00	31	0	G	34102	              Sphaerotilus
0.00	31	31	S	639200	                Sphaerotilus sulfidivorans
0.00	25	0	F	506	            Alcaligenaceae
0.00	25	0	G	507	              Alcaligenes
0.00	25	25	S	511	                Alcaligenes faecalis
0.00	11	0	O1	224471	            Burkholderiales genera incertae sedis
0.00	11	0	G	2929841	              Candidatus Ichthyocystis
0.00	11	11	S	1561003	                Candidatus Ichthyocystis hellenicum
0.00	36	0	O	32003	          Nitrosomonadales
0.00	36	0	F	206379	            Nitrosomonadaceae
0.00	36	0	G	914	              Nitrosomonas
0.00	36	36	S	44577	                Nitrosomonas ureae
0.00	36	0	O	206389	          Rhodocyclales
0.00	20	0	F	2008795	            Azonexaceae
0.00	20	0	G	88875	              Ferribacterium
0.00	20	20	S	76259	                Ferribacterium limneticum
0.00	15	0	F	75787	            Rhodocyclaceae
0.00	15	0	G	1914449	              Rugosibacter
0.00	15	15	S	1565605	                Rugosibacter aromaticivorans
0.00	10	0	C1	119066	          Betaproteobacteria incertae sedis
0.00	10	0	G	1301080	            Candidatus Nasuia
0.00	10	10	S	1160784	              Candidatus Nasuia deltocephalinicola
10.88	163702	0	C	1236	        Gammaproteobacteria
9.22	138763	0	O	135625	          Pasteurellales
9.22	138763	0	F	712	            Pasteurellaceae
7.70	115852	0	G	724	              Haemophilus
7.11	107062	107062	S	729	                Haemophilus parainfluenzae
0.23	3451	3451	S	735	                Haemophilus parahaemolyticus
0.29	4429	4429	S	727	                Haemophilus influenzae
0.04	597	597	S	726	                Haemophilus haemolyticus
0.01	171	171	S	249188	                Haemophilus pittmaniae
0.01	91	0	G1	2609962	                unclassified Haemophilus
0.01	91	91	S	712310	                  Haemophilus sp. oral taxon 036
0.00	49	49	S	730	                [Haemophilus] ducreyi
0.93	14000	0	G	713	              Actinobacillus
0.02	340	340	S	51049	                Actinobacillus indolicus
0.90	13608	13608	S	715	                Actinobacillus pleuropneumoniae
0.00	51	0	G1	2644856	                unclassified Actinobacillus
0.00	51	51	S	2774188	                  Actinobacillus sp. GY-402
0.24	3668	0	G	416916	              Aggregatibacter
0.14	2180	0	G1	2639383	                unclassified Aggregatibacter
0.13	1885	1885	S	2820817	                  Aggregatibacter sp. 2125159857
0.01	131	131	S	2866570	                  Aggregatibacter sp. Marseille-P9115
0.01	163	163	S	712150	                  Aggregatibacter sp. oral taxon 513
0.03	458	458	S	732	                Aggregatibacter aphrophilus
0.06	902	902	S	714	                Aggregatibacter actinomycetemcomitans
0.01	126	126	S	739	                Aggregatibacter segnis
0.24	3537	0	G	745	              Pasteurella
0.13	1892	1892	S	753	                Pasteurella canis
0.11	1645	1645	S	747	                Pasteurella multocida
0.05	689	0	G	476528	              Bibersteinia
0.05	689	689	S	47735	                Bibersteinia trehalosi
0.04	529	0	G	75984	              Mannheimia
0.01	218	218	S	2679994	                Mannheimia ovis
0.02	271	271	S	75985	                Mannheimia haemolytica
0.00	25	25	S	85404	                Mannheimia varigena
0.00	13	13	S	85402	                Mannheimia granulomatis
0.02	240	0	G	2094023	              Glaesserella
0.02	240	240	S	738	                Glaesserella parasuis
0.00	73	0	G	155493	              Gallibacterium
0.00	73	73	S	750	                Gallibacterium anatis
0.00	52	0	G	2899790	              Mergibacter
0.00	52	52	S	221402	                Mergibacter septicus
0.00	51	0	G	292486	              Avibacterium
0.00	32	0	G1	2685287	                unclassified Avibacterium
0.00	32	32	S	2911526	                  Avibacterium sp. 20-132
0.00	19	19	S	728	                Avibacterium paragallinarum
0.00	40	0	G	214906	              Histophilus
0.00	40	40	S	731	                Histophilus somni
0.00	13	0	G	1960084	              Rodentibacter
0.00	13	13	S	1906744	                Rodentibacter heylii
0.00	13	0	G	109471	              Bisgaardia
0.00	13	13	S	109472	                Bisgaardia hudsonensis
1.55	23308	0	O	91347	          Enterobacterales
1.44	21732	0	F	543	            Enterobacteriaceae
0.89	13368	0	G	590	              Salmonella
0.89	13368	13368	S	28901	                Salmonella enterica
0.32	4753	0	F1	2890311	              Klebsiella/Raoultella group
0.32	4753	0	G	570	                Klebsiella
0.30	4558	4558	S	573	                  Klebsiella pneumoniae
0.01	195	195	S	1463165	                  Klebsiella quasipneumoniae
0.24	3611	0	G	561	              Escherichia
0.23	3466	3466	S	562	                Escherichia coli
0.01	145	145	S	564	                Escherichia fergusonii
0.10	1467	0	F	1903411	            Yersiniaceae
0.10	1467	0	G	629	              Yersinia
0.10	1467	0	G1	1649845	                Yersinia pseudotuberculosis complex
0.10	1467	1467	S	632	                  Yersinia pestis
0.01	87	0	F	1903414	            Morganellaceae
0.01	87	0	G	581	              Morganella
0.01	87	87	S	582	                Morganella morganii
0.00	20	0	F	1903409	            Erwiniaceae
0.00	20	0	G	32199	              Buchnera
0.00	20	20	S	9	                Buchnera aphidicola
0.03	414	0	O	135615	          Cardiobacteriales
0.03	414	0	F	868	            Cardiobacteriaceae
0.03	414	0	G	2717	              Cardiobacterium
0.03	386	386	S	2718	                Cardiobacterium hominis
0.00	27	0	G1	2648856	                unclassified Cardiobacterium
0.00	27	27	S	2866573	                  Cardiobacterium sp. Marseille-Q4385
0.03	393	0	O	2887326	          Moraxellales
0.03	393	0	F	468	            Moraxellaceae
0.02	333	0	G	469	              Acinetobacter
0.02	275	0	G1	909768	                Acinetobacter calcoaceticus/baumannii complex
0.02	275	275	S	470	                  Acinetobacter baumannii
0.00	30	30	S	40214	                Acinetobacter johnsonii
0.00	16	16	S	40215	                Acinetobacter junii
0.00	10	10	S	2715163	                Acinetobacter lanii
0.00	59	0	G	475	              Moraxella
0.00	59	59	S	34062	                Moraxella osloensis
0.01	214	0	O	72274	          Pseudomonadales
0.01	214	0	F	135621	            Pseudomonadaceae
0.01	181	0	G	286	              Pseudomonas
0.01	107	0	G1	136841	                Pseudomonas aeruginosa group
0.01	107	107	S	287	                  Pseudomonas aeruginosa
0.00	57	0	G1	136845	                Pseudomonas putida group
0.00	57	57	S	303	                  Pseudomonas putida
0.00	16	0	G1	136843	                Pseudomonas fluorescens group
0.00	16	16	S	294	                  Pseudomonas fluorescens
0.00	33	0	G	2901164	              Stutzerimonas
0.00	33	0	G1	136846	                Stutzerimonas stutzeri group
0.00	33	0	G2	578833	                  Stutzerimonas stutzeri subgroup
0.00	33	33	S	316	                    Stutzerimonas stutzeri
0.01	127	0	O	135624	          Aeromonadales
0.01	127	0	F	84642	            Aeromonadaceae
0.01	127	0	G	642	              Aeromonas
0.00	39	39	S	654	                Aeromonas veronii
0.01	88	88	S	645	                Aeromonas salmonicida
0.01	124	0	O	135623	          Vibrionales
0.01	124	0	F	641	            Vibrionaceae
0.01	85	0	G	662	              Vibrio
0.00	24	0	G1	717610	                Vibrio harveyi group
0.00	24	24	S	669	                  Vibrio harveyi
0.00	49	49	S	666	                Vibrio cholerae
0.00	11	11	S	672	                Vibrio vulnificus
0.00	23	0	G	657	              Photobacterium
0.00	23	23	S	38293	                Photobacterium damselae
0.00	14	0	G	511678	              Aliivibrio
0.00	14	14	S	668	                Aliivibrio fischeri
0.01	121	0	O	135614	          Xanthomonadales
0.01	121	0	F	32033	            Xanthomonadaceae
0.00	69	0	G	40323	              Stenotrophomonas
0.00	69	0	G1	995085	                Stenotrophomonas maltophilia group
0.00	69	69	S	40324	                  Stenotrophomonas maltophilia
0.00	51	0	G	338	              Xanthomonas
0.00	51	51	S	339	                Xanthomonas campestris
0.01	83	0	C1	118884	          Gammaproteobacteria incertae sedis
0.01	83	0	G	198346	            Candidatus Baumannia
0.01	83	83	S	186490	              Candidatus Baumannia cicadellinicola
0.01	81	0	O	135619	          Oceanospirillales
0.01	81	0	F	28256	            Halomonadaceae
0.01	81	0	G	2745	              Halomonas
0.01	81	0	G1	2609666	                unclassified Halomonas
0.00	41	41	S	2306583	                  Halomonas sp. JS92-SW72
0.00	40	40	S	1504981	                  Halomonas sp. KO116
0.00	69	0	O	135622	          Alteromonadales
0.00	69	0	F	267888	            Pseudoalteromonadaceae
0.00	69	0	G	907197	              Psychrosphaera
0.00	69	69	S	1266052	                Psychrosphaera aestuarii
0.04	574	0	C	28211	        Alphaproteobacteria
0.02	270	0	O	204457	          Sphingomonadales
0.02	270	0	F	41297	            Sphingomonadaceae
0.02	227	0	G	165696	              Novosphingobium
0.02	227	0	G1	2644732	                unclassified Novosphingobium
0.02	227	227	S	2571749	                  Novosphingobium sp. EMRT-2
0.00	42	0	G	165695	              Sphingobium
0.00	42	0	G1	2611147	                unclassified Sphingobium
0.00	42	42	S	2082188	                  Sphingobium sp. YG1
0.02	245	0	O	356	          Hyphomicrobiales
0.01	104	0	F	41294	            Nitrobacteraceae
0.01	104	0	G	374	              Bradyrhizobium
0.01	104	0	G1	2631580	                unclassified Bradyrhizobium
0.01	104	104	S	2057741	                  Bradyrhizobium sp. SK17
0.00	57	0	F	69277	            Phyllobacteriaceae
0.00	38	0	G	68287	              Mesorhizobium
0.00	38	38	S	2725666	                Mesorhizobium terrae
0.00	19	0	G	2911176	              Aquibium
0.00	19	19	S	675281	                Aquibium microcysteis
0.00	41	0	F	119045	            Methylobacteriaceae
0.00	41	0	G	407	              Methylobacterium
0.00	41	0	G1	2615210	                unclassified Methylobacterium
0.00	41	41	S	2984843	                  Methylobacterium sp. FF17
0.00	41	0	O1	119042	            Hyphomicrobiales incertae sedis
0.00	41	0	G	2874214	              Terrihabitans
0.00	41	41	S	708113	                Terrihabitans soli
0.00	36	0	O	204458	          Caulobacterales
0.00	36	0	F	76892	            Caulobacteraceae
0.00	36	0	G	41275	              Brevundimonas
0.00	36	0	G1	2622653	                unclassified Brevundimonas
0.00	36	36	S	2560058	                  Brevundimonas sp. Bb-A
0.00	22	0	O	204441	          Rhodospirillales
0.00	22	0	F	433	            Acetobacteraceae
0.00	22	0	G	1434011	              Komagataeibacter
0.00	22	22	S	28448	                Komagataeibacter xylinus
8.12	122158	0	D1	1783272	      Terrabacteria group
7.01	105552	0	P	1239	        Bacillota
4.05	60916	0	C	909932	          Negativicutes
4.03	60707	0	O	1843489	            Veillonellales
4.03	60707	0	F	31977	              Veillonellaceae
4.00	60142	0	G	29465	                Veillonella
0.77	11619	11619	S	39777	                  Veillonella atypica
0.89	13333	13333	S	39778	                  Veillonella dispar
0.46	6969	0	G1	2630086	                  unclassified Veillonella
0.46	6969	6969	S	2682455	                    Veillonella sp. S12025-13
0.46	6968	6968	S	423477	                  Veillonella rogosae
0.93	14009	14009	S	29466	                  Veillonella parvula
0.47	7047	7047	S	2682456	                  Veillonella nakazawae
0.01	195	195	S	248315	                  Veillonella rodentium
0.03	455	0	G	906	                Megasphaera
0.02	247	247	S	2144175	                  Megasphaera stantonii
0.01	155	155	S	1675036	                  Megasphaera hexanoica
0.00	51	51	S	907	                  Megasphaera elsdenii
0.01	109	0	G	39948	                Dialister
0.00	69	69	S	39950	                  Dialister pneumosintes
0.00	39	39	S	487173	                  Dialister succinatiphilus
0.01	208	0	O	909929	            Selenomonadales
0.01	192	0	F	1843491	              Selenomonadaceae
0.01	192	0	G	970	                Selenomonas
0.01	170	0	G1	2637378	                  unclassified Selenomonas
0.01	86	86	S	712538	                    Selenomonas sp. oral taxon 478
0.00	58	58	S	713030	                    Selenomonas sp. oral taxon 136
0.00	25	25	S	1884263	                    Selenomonas sp. oral taxon 920
0.00	21	21	S	69823	                  Selenomonas sputigena
0.00	16	0	F	1843490	              Sporomusaceae
0.00	16	0	G	2093783	                Methylomusa
0.00	16	16	S	1930071	                  Methylomusa anaerophila
2.52	37885	0	C	91061	          Bacilli
2.37	35638	0	O	186826	            Lactobacillales
2.25	33878	0	F	1300	              Streptococcaceae
2.25	33878	0	G	1301	                Streptococcus
0.40	5991	0	G1	2608887	                  unclassified Streptococcus
0.13	2027	2027	S	2610896	                    Streptococcus sp. LPB0220
0.08	1143	1143	S	1316408	                    Streptococcus sp. HSISM1
0.04	555	555	S	2972784	                    Streptococcus sp. Marseille-Q6470
0.03	487	487	S	712623	                    Streptococcus sp. oral taxon 061
0.03	437	437	S	1759399	                    Streptococcus sp. A12
0.03	382	382	S	2598453	                    Streptococcus sp. 116-D4
0.02	307	307	S	2759692	                    Streptococcus sp. Marseille-Q3533
0.02	274	274	S	712633	                    Streptococcus sp. oral taxon 431
0.00	55	55	S	1902136	                    Streptococcus sp. NPS 308
0.01	110	110	S	1839799	                    Streptococcus sp. FDAARGOS_192
0.00	72	72	S	2576376	                    Streptococcus sp. 1643
0.00	49	49	S	1316411	                    Streptococcus sp. HSISS2
0.00	29	29	S	1316412	                    Streptococcus sp. HSISS3
0.00	57	57	S	712624	                    Streptococcus sp. oral taxon 064
0.21	3139	3139	S	1304	                  Streptococcus salivarius
0.12	1877	1877	S	1318	                  Streptococcus parasanguinis
0.10	1547	1547	S	28037	                  Streptococcus mitis
0.10	1434	1434	S	1303	                  Streptococcus oralis
0.06	881	881	S	68892	                  Streptococcus infantis
0.03	469	469	S	1305	                  Streptococcus sanguinis
0.27	4126	4126	S	1313	                  Streptococcus pneumoniae
0.02	315	315	S	684066	                  Streptococcus lactarius
0.04	543	543	S	113107	                  Streptococcus australis
0.01	176	0	G1	671232	                  Streptococcus anginosus group
0.00	73	73	S	1338	                    Streptococcus intermedius
0.01	102	102	S	1328	                    Streptococcus anginosus
0.11	1582	1582	S	1308	                  Streptococcus thermophilus
0.05	767	767	S	1307	                  Streptococcus suis
0.01	155	155	S	45634	                  Streptococcus cristatus
0.02	330	330	S	1156431	                  Streptococcus ilei
0.02	291	291	S	1314	                  Streptococcus pyogenes
0.01	193	193	S	1234680	                  Streptococcus rubneri
0.01	85	85	S	1302	                  Streptococcus gordonii
0.02	234	234	S	2382163	                  Streptococcus koreensis
0.01	144	144	S	257758	                  Streptococcus pseudopneumoniae
0.01	157	157	S	2819619	                  Streptococcus toyakuensis
0.01	110	110	S	1433513	                  Streptococcus gwangjuense
0.00	39	39	S	1343	                  Streptococcus vestibularis
0.00	22	22	S	1345	                  Streptococcus ferus
0.00	19	0	G1	119603	                  Streptococcus dysgalactiae group
0.00	19	19	S	1336	                    Streptococcus equi
0.61	9204	9204	S	1311	                  Streptococcus agalactiae
0.00	12	12	S	1310	                  Streptococcus sobrinus
0.00	13	13	S	82348	                  Streptococcus pluranimalium
0.00	10	10	S	2781599	                  Streptococcus oriscaviae
0.11	1623	0	F	186828	              Carnobacteriaceae
0.11	1623	0	G	117563	                Granulicatella
0.10	1488	1488	S	46124	                  Granulicatella adiacens
0.01	135	135	S	137732	                  Granulicatella elegans
0.00	55	0	F	81852	              Enterococcaceae
0.00	55	0	G	1350	                Enterococcus
0.00	55	55	S	1352	                  Enterococcus faecium
0.00	42	0	F	33958	              Lactobacillaceae
0.00	18	0	G	2767842	                Lactiplantibacillus
0.00	18	18	S	1590	                  Lactiplantibacillus plantarum
0.00	12	0	G	2767878	                Bombilactobacillus
0.00	12	12	S	1303590	                  Bombilactobacillus bombi
0.00	11	0	G	2759736	                Lacticaseibacillus
0.00	11	0	G1	2759744	                  unclassified Lacticaseibacillus
0.00	11	11	S	3025672	                    Lacticaseibacillus sp. KACC 23028
0.00	38	0	F	186827	              Aerococcaceae
0.00	38	0	G	46123	                Abiotrophia
0.00	38	38	S	46125	                  Abiotrophia defectiva
0.15	2246	0	O	1385	            Bacillales
0.07	1029	0	F	186817	              Bacillaceae
0.07	1006	0	G	1386	                Bacillus
0.07	982	0	G1	653685	                  Bacillus subtilis group
0.04	651	651	S	1452	                    Bacillus atrophaeus
0.02	330	0	G2	1938374	                    Bacillus amyloliquefaciens group
0.02	330	330	S	492670	                      Bacillus velezensis
0.00	24	0	G1	1792192	                  Bacillus altitudinis complex
0.00	24	24	S	293387	                    Bacillus altitudinis
0.00	23	0	G	2817139	                Weizmannia
0.00	23	23	S	1398	                  Weizmannia coagulans
0.06	920	0	O1	539002	              Bacillales incertae sedis
0.06	920	0	O2	539738	                Bacillales Family XI. Incertae Sedis
0.06	920	0	G	1378	                  Gemella
0.03	419	419	S	84135	                    Gemella sanguinis
0.02	289	289	S	1379	                    Gemella haemolysans
0.01	211	211	S	29391	                    Gemella morbillorum
0.02	275	0	F	90964	              Staphylococcaceae
0.02	275	0	G	1279	                Staphylococcus
0.00	59	59	S	29382	                  Staphylococcus cohnii
0.01	216	216	S	1280	                  Staphylococcus aureus
0.00	20	0	F	186822	              Paenibacillaceae
0.00	20	0	G	44249	                Paenibacillus
0.00	20	0	G1	185978	                  unclassified Paenibacillus
0.00	20	20	S	2996034	                    Paenibacillus sp. SYP-B4298
0.43	6523	0	C	186801	          Clostridia
0.43	6506	0	O	186802	            Eubacteriales
0.37	5598	0	F	186803	              Lachnospiraceae
0.14	2062	0	G	1164882	                Lachnoanaerobaculum
0.14	2062	2062	S	617123	                  Lachnoanaerobaculum umeaense
0.03	468	0	G	841	                Roseburia
0.03	468	468	S	301301	                  Roseburia hominis
0.02	308	0	G	572511	                Blautia
0.02	308	308	S	1322	                  Blautia hansenii
0.02	298	0	G	830	                Butyrivibrio
0.01	142	142	S	43305	                  Butyrivibrio proteoclasticus
0.00	66	66	S	831	                  Butyrivibrio fibrisolvens
0.01	89	89	S	185008	                  Butyrivibrio hungatei
0.02	291	0	G	189330	                Dorea
0.01	222	222	S	39486	                  Dorea formicigenerans
0.00	68	68	S	88431	                  Dorea longicatena
0.01	217	0	G	2719313	                Enterocloster
0.01	217	217	S	208479	                  Enterocloster bolteae
0.01	197	0	G	2719231	                Lacrimispora
0.01	197	197	S	29375	                  Lacrimispora xylanolytica
0.01	180	0	G	46205	                Pseudobutyrivibrio
0.01	180	180	S	185007	                  Pseudobutyrivibrio xylanivorans
0.01	179	0	G	1506553	                Lachnoclostridium
0.01	101	101	S	66219	                  Lachnoclostridium phytofermentans
0.01	78	78	S	1871021	                  Lachnoclostridium phocaeense
0.01	172	0	G	207244	                Anaerostipes
0.01	142	142	S	649756	                  Anaerostipes hadrus
0.00	30	30	S	105841	                  Anaerostipes caccae
0.01	160	0	G	28050	                Lachnospira
0.01	160	160	S	39485	                  Lachnospira eligens
0.01	150	0	G	2569097	                Anaerobutyricum
0.01	150	150	S	39488	                  Anaerobutyricum hallii
0.01	144	0	G	1663717	                Herbinix
0.01	144	144	S	1679721	                  Herbinix luporum
0.01	109	0	G	1506577	                Tyzzerella
0.01	109	109	S	36835	                  [Clostridium] colinum
0.01	106	0	G	2888809	                Novisyntrophococcus
0.01	106	106	S	2068655	                  Novisyntrophococcus fermenticellae
0.01	101	0	G	2944195	                Qiania
0.01	101	101	S	2763669	                  Qiania dongpingensis
0.01	87	0	G	2944198	                Wansuia
0.01	87	87	S	2763667	                  Wansuia hejianensis
0.00	73	0	G	3024823	                Anaeromicropila
0.00	73	73	S	2785025	                  Anaeromicropila herbilytica
0.00	54	0	G	1769710	                Sellimonas
0.00	54	54	S	1653434	                  Sellimonas intestinalis
0.00	53	0	G	33042	                Coprococcus
0.00	53	53	S	33043	                  Coprococcus eutactus
0.00	50	0	G	1843210	                Anaerocolumna
0.00	50	50	S	1727145	                  Anaerocolumna chitinilytica
0.00	49	0	G	2944193	                Simiaoa
0.00	49	49	S	2763672	                  Simiaoa sunii
0.00	42	0	G	248744	                Marvinbryantia
0.00	42	42	S	168384	                  Marvinbryantia formatexigens
0.00	38	0	G	2005359	                Faecalicatena
0.00	38	0	G1	2635385	                  unclassified Faecalicatena
0.00	38	38	S	2823316	                    Faecalicatena sp. Marseille-Q4148
0.02	309	0	F	216572	              Oscillospiraceae
0.00	69	0	G	459786	                Oscillibacter
0.00	69	69	S	2763056	                  Oscillibacter hominis
0.00	69	0	G	216851	                Faecalibacterium
0.00	69	69	S	853	                  Faecalibacterium prausnitzii
0.00	66	0	G	1263	                Ruminococcus
0.00	26	26	S	1264	                  Ruminococcus albus
0.00	39	39	S	438033	                  Ruminococcus gauvreauii
0.00	54	0	G	35829	                Acetivibrio
0.00	54	54	S	1515	                  Acetivibrio thermocellus
0.00	48	0	G	1905344	                Ruthenibacterium
0.00	48	48	S	1550024	                  Ruthenibacterium lactatiformans
0.02	298	0	F	31979	              Clostridiaceae
0.01	224	0	G	1485	                Clostridium
0.01	111	0	G1	2614128	                  unclassified Clostridium
0.01	79	79	S	411486	                    Clostridium sp. M62/1
0.00	19	19	S	1042156	                    Clostridium sp. SY8519
0.00	12	12	S	97138	                    Clostridium sp. MD294
0.00	19	19	S	1513	                  Clostridium tetani
0.01	77	77	S	1491	                  Clostridium botulinum
0.00	16	16	S	1519	                  Clostridium tyrobutyricum
0.00	52	0	G	44258	                Caloramator
0.00	52	0	G1	2629145	                  unclassified Caloramator
0.00	52	52	S	3029174	                    Caloramator sp. Dgby_cultured_2
0.00	21	0	G	1649459	                Hungatella
0.00	21	21	S	154046	                  Hungatella hathewayi
0.01	123	0	O1	538999	              Eubacteriales incertae sedis
0.01	86	0	F	543314	                Eubacteriales Family XIII. Incertae Sedis
0.01	86	0	G	86331	                  Mogibacterium
0.01	86	86	S	114527	                    Mogibacterium diversum
0.00	37	0	G	2717089	                Massilistercora
0.00	37	37	S	2086584	                  Massilistercora timonensis
0.01	89	0	F	186804	              Peptostreptococcaceae
0.00	48	0	G	44259	                Filifactor
0.00	48	48	S	143361	                  Filifactor alocis
0.00	26	0	G	1257	                Peptostreptococcus
0.00	26	0	G1	2652281	                  unclassified Peptostreptococcus
0.00	26	26	S	3003601	                    Peptostreptococcus sp. CBA3647
0.00	15	0	G	214904	                Tepidibacter
0.00	15	0	G1	2642259	                  unclassified Tepidibacter
0.00	15	15	S	2925782	                    Tepidibacter sp. 8C15b
0.00	35	0	F	1491775	              Proteinivoraceae
0.00	35	0	G	2838170	                Alkalicella
0.00	35	35	S	2731377	                  Alkalicella caledoniensis
0.00	32	0	F	186806	              Eubacteriaceae
0.00	32	0	G	1730	                Eubacterium
0.00	32	32	S	39496	                  Eubacterium ventriosum
0.00	16	0	F	186807	              Peptococcaceae
0.00	16	0	G	2282742	                Desulfofarcimen
0.00	16	16	S	58138	                  Desulfofarcimen acetoxidans
0.00	0	0	F	2937909	              Desulfitobacteriaceae
0.00	0	0	G	36853	                Desulfitobacterium
0.00	0	0	S	49338	                  Desulfitobacterium hafniense
0.00	17	0	O	68295	            Thermoanaerobacterales
0.00	17	0	F	543371	              Thermoanaerobacterales Family III. Incertae Sedis
0.00	17	0	G	44000	                Caldicellulosiruptor
0.00	17	17	S	413889	                  Caldicellulosiruptor kronotskyensis
0.01	149	0	C	526524	          Erysipelotrichia
0.01	149	0	O	526525	            Erysipelotrichales
0.01	149	0	F	128827	              Erysipelotrichaceae
0.01	85	0	G	118747	                Bulleidia
0.01	85	0	G1	2704656	                  unclassified Bulleidia
0.01	85	85	S	2806552	                    Bulleidia sp. zg-1006
0.00	63	0	G	1918536	                Longicatena
0.00	63	63	S	1796635	                  Longicatena caecimuris
0.01	77	0	C	1737404	          Tissierellia
0.01	77	0	O	1737405	            Tissierellales
0.01	77	0	F	1570339	              Peptoniphilaceae
0.01	77	0	G	543311	                Parvimonas
0.01	77	77	S	33033	                  Parvimonas micra
1.08	16241	0	P	201174	        Actinomycetota
1.07	16152	0	C	1760	          Actinomycetes
0.66	9952	0	O	2037	            Actinomycetales
0.66	9952	0	F	2049	              Actinomycetaceae
0.63	9412	0	G	2529408	                Schaalia
0.51	7623	7623	S	1660	                  Schaalia odontolytica
0.11	1627	1627	S	52773	                  Schaalia meyeri
0.01	131	131	S	131111	                  Schaalia turicensis
0.00	30	30	S	181487	                  Schaalia cardiffensis
0.03	461	0	G	1654	                Actinomyces
0.01	120	0	G1	2609248	                  unclassified Actinomyces
0.01	102	102	S	712122	                    Actinomyces sp. oral taxon 414
0.00	18	18	S	1851395	                    Actinomyces sp. Chiba101
0.01	166	166	S	1852377	                  Actinomyces pacaensis
0.01	131	131	S	544580	                  Actinomyces oris
0.00	21	21	S	2722820	                  Actinomyces faecalis
0.00	21	21	S	2763540	                  Actinomyces trachealis
0.00	47	0	G	2888879	                Nanchangia
0.00	47	47	S	2692125	                  Nanchangia anserum
0.00	30	0	G	2740557	                Pauljensenia
0.00	30	30	S	178339	                  Pauljensenia hongkongensis
0.38	5683	0	O	85006	            Micrococcales
0.38	5683	0	F	1268	              Micrococcaceae
0.37	5591	0	G	32207	                Rothia
0.31	4694	4694	S	43675	                  Rothia mucilaginosa
0.04	588	588	S	2047	                  Rothia dentocariosa
0.02	308	308	S	172042	                  Rothia aeria
0.01	92	0	G	57493	                Kocuria
0.00	57	57	S	72000	                  Kocuria rhizophila
0.00	35	35	S	71999	                  Kocuria palustris
0.02	372	0	O	85009	            Propionibacteriales
0.02	372	0	F	31957	              Propionibacteriaceae
0.02	334	0	G	1912216	                Cutibacterium
0.02	334	334	S	1747	                  Cutibacterium acnes
0.00	38	0	G	2801844	                Arachnia
0.00	38	38	S	1547448	                  Arachnia rubra
0.01	92	0	O	85011	            Kitasatosporales
0.01	92	0	F	2062	              Streptomycetaceae
0.01	92	0	G	1883	                Streptomyces
0.01	92	0	G1	2593676	                  unclassified Streptomyces
0.01	92	92	S	477697	                    Streptomyces sp. T12
0.00	50	0	O	85007	            Mycobacteriales
0.00	50	0	F	1653	              Corynebacteriaceae
0.00	50	0	G	1716	                Corynebacterium
0.00	50	50	S	43768	                  Corynebacterium matruchotii
0.01	75	0	C	84998	          Coriobacteriia
0.01	75	0	O	84999	            Coriobacteriales
0.01	75	0	F	1643824	              Atopobiaceae
0.01	75	0	G	2767353	                Lancefieldella
0.01	75	75	S	1382	                  Lancefieldella parvula
0.00	13	0	C	84992	          Acidimicrobiia
0.00	13	0	O	84993	            Acidimicrobiales
0.00	13	0	F	2448023	              Ilumatobacteraceae
0.00	13	0	G	682522	                Ilumatobacter
0.00	13	13	S	467094	                  Ilumatobacter coccineus
0.02	297	0	D2	1798711	        Cyanobacteriota/Melainabacteria group
0.02	297	0	P	1117	          Cyanobacteriota
0.02	297	0	C	3028117	            Cyanophyceae
0.01	110	0	O	1890424	              Synechococcales
0.00	57	0	F	1890431	                Chamaesiphonaceae
0.00	57	0	G	217161	                  Chamaesiphon
0.00	57	57	S	1173032	                    Chamaesiphon minutus
0.00	52	0	F	1890426	                Synechococcaceae
0.00	52	0	G	1129	                  Synechococcus
0.00	52	0	G1	2626047	                    unclassified Synechococcus
0.00	23	23	S	195250	                      Synechococcus sp. PCC 7336
0.00	29	29	S	1173263	                      Synechococcus sp. PCC 7502
0.01	99	0	C1	1301283	              Oscillatoriophycideae
0.01	99	0	O	1150	                Oscillatoriales
0.01	99	0	F	2934961	                  Sirenicapillariaceae
0.01	99	0	G	2596745	                    Limnospira
0.01	99	99	S	147322	                      Limnospira indica
0.01	87	0	O	1161	              Nostocales
0.01	87	0	F	2661849	                Calotrichaceae
0.01	87	0	G	1186	                  Calothrix
0.01	87	0	G1	2619626	                    unclassified Calothrix
0.00	58	58	S	1170562	                      Calothrix sp. PCC 6303
0.00	29	29	S	2005462	                      Calothrix sp. NIES-3974
0.00	49	0	P	544448	        Mycoplasmatota
0.00	49	0	C	31969	          Mollicutes
0.00	49	0	O	2085	            Mycoplasmatales
0.00	49	0	F	2092	              Mycoplasmataceae
0.00	49	0	G	2093	                Mycoplasma
0.00	49	0	G1	2683645	                  unclassified Mycoplasma
0.00	49	49	S	1749074	                    Mycoplasma sp. (ex Biomphalaria glabrata)
0.00	18	0	P	200795	        Chloroflexota
0.00	18	0	C	292625	          Anaerolineae
0.00	18	0	O	292629	            Anaerolineales
0.00	18	0	F	292628	              Anaerolineaceae
0.00	18	0	G	2019482	                Brevefilum
0.00	18	18	S	1986204	                  Brevefilum fermentans
2.97	44642	0	P	32066	      Fusobacteriota
2.97	44642	0	C	203490	        Fusobacteriia
2.97	44642	0	O	203491	          Fusobacteriales
1.56	23467	0	F	1129771	            Leptotrichiaceae
1.55	23272	0	G	32067	              Leptotrichia
1.20	18099	0	G1	2633022	                unclassified Leptotrichia
1.05	15869	15869	S	712357	                  Leptotrichia sp. oral taxon 212
0.14	2093	2093	S	712362	                  Leptotrichia sp. oral taxon 221
0.00	63	63	S	1785996	                  Leptotrichia sp. oral taxon 847
0.00	50	50	S	712361	                  Leptotrichia sp. oral taxon 218
0.00	22	22	S	712368	                  Leptotrichia sp. oral taxon 498
0.23	3501	3501	S	157687	                Leptotrichia wadei
0.06	876	876	S	157688	                Leptotrichia hofstadii
0.04	537	537	S	554406	                Leptotrichia hongkongensis
0.01	111	111	S	157691	                Leptotrichia shahii
0.01	77	77	S	109328	                Leptotrichia trevisanii
0.00	68	68	S	40542	                Leptotrichia buccalis
0.01	99	0	G	2755140	              Pseudoleptotrichia
0.01	99	99	S	157692	                Pseudoleptotrichia goodfellowii
0.00	57	0	G	168808	              Sneathia
0.00	57	57	S	187101	                Sneathia vaginalis
0.00	22	0	G	34104	              Streptobacillus
0.00	22	22	S	34105	                Streptobacillus moniliformis
0.00	15	0	G	32068	              Sebaldella
0.00	15	15	S	826	                Sebaldella termitidis
1.41	21175	0	F	203492	            Fusobacteriaceae
1.41	21175	0	G	848	              Fusobacterium
0.74	11067	11067	S	2663009	                Fusobacterium pseudoperiodonticum
0.48	7258	7258	S	851	                Fusobacterium nucleatum
0.14	2045	2045	S	860	                Fusobacterium periodonticum
0.04	614	614	S	1583098	                Fusobacterium hwasookii
0.00	56	0	G1	2648384	                unclassified Fusobacterium
0.00	56	56	S	671211	                  Fusobacterium sp. oral taxon 203
0.01	103	103	S	285729	                Fusobacterium canifelinum
0.00	15	15	S	859	                Fusobacterium necrophorum
0.00	14	14	S	1755100	                Fusobacterium gastrosuis
1.22	18408	0	P	29547	      Campylobacterota
1.22	18408	0	C	3031852	        Epsilonproteobacteria
1.22	18408	0	O	213849	          Campylobacterales
1.21	18278	0	F	72294	            Campylobacteraceae
1.21	18278	0	G	194	              Campylobacter
0.55	8252	8252	S	199	                Campylobacter concisus
0.63	9542	9542	S	197	                Campylobacter jejuni
0.01	158	158	S	204	                Campylobacter showae
0.01	134	134	S	824	                Campylobacter gracilis
0.01	119	119	S	203	                Campylobacter rectus
0.00	22	22	S	1965231	                Campylobacter pinnipediorum
0.00	48	48	S	206	                Campylobacter sputorum
0.01	130	0	F	72293	            Helicobacteraceae
0.01	130	0	G	209	              Helicobacter
0.01	130	130	S	210	                Helicobacter pylori
0.02	360	0	P	203691	      Spirochaetota
0.02	360	0	C	203692	        Spirochaetia
0.02	360	0	O	136	          Spirochaetales
0.02	360	0	F	2845253	            Treponemataceae
0.02	360	0	G	157	              Treponema
0.02	241	241	S	158	                Treponema denticola
0.00	71	71	S	69710	                Treponema vincentii
0.00	23	23	S	53419	                Treponema socranskii
0.00	23	23	S	58231	                Treponema medium
0.00	34	0	D1	2323	      Bacteria incertae sedis
0.00	34	0	D2	1783234	        Bacteria candidate phyla
0.00	34	0	P	95818	          Candidatus Saccharibacteria
0.00	34	0	C	2093818	            Candidatus Saccharimonadia
0.00	34	0	O	2093819	              Candidatus Nanosynbacterales
0.00	34	0	F	2093822	                Candidatus Nanosynbacteraceae
0.00	34	0	G	2093823	                  Candidatus Nanosynbacter
0.00	34	0	G1	2725944	                    unclassified Candidatus Nanosynbacter
0.00	34	34	S	2899133	                      Candidatus Nanosynbacter sp. HMT-352
0.00	32	0	D1	1783257	      PVC group
0.00	32	0	P	203682	        Planctomycetota
0.00	32	0	C	203683	          Planctomycetia
0.00	32	0	O	2691355	            Gemmatales
0.00	32	0	F	1914233	              Gemmataceae
0.00	32	0	G	2807415	                Urbifossiella
0.00	32	32	S	2528023	                  Urbifossiella limnaea
0.00	13	0	P	57723	      Acidobacteriota
0.00	13	0	C	533205	        Holophagae
0.00	13	0	O	533206	          Acanthopleuribacterales
0.00	13	0	F	533207	            Acanthopleuribacteraceae
0.00	13	0	G	2915177	              Sulfidibacter
0.00	13	13	S	2818388	                Sulfidibacter corallicola
0.00	12	0	P	40117	      Nitrospirota
0.00	12	0	C	203693	        Nitrospiria
0.00	12	0	O	189778	          Nitrospirales
0.00	12	0	F	189779	            Nitrospiraceae
0.00	12	0	G	1234	              Nitrospira
0.00	12	12	S	42253	                Nitrospira moscoviensis
0.15	2238	0	D	2759	    Eukaryota
0.09	1293	0	D1	33154	      Opisthokonta
0.07	1024	0	K	4751	        Fungi
0.07	1024	0	K1	451864	          Dikarya
0.07	1001	0	P	4890	            Ascomycota
0.07	1001	0	P1	716545	              saccharomyceta
0.07	1001	0	P2	147537	                Saccharomycotina
0.07	1001	0	C	4891	                  Saccharomycetes
0.07	1001	0	O	4892	                    Saccharomycetales
0.07	1001	0	F	4893	                      Saccharomycetaceae
0.07	1001	0	G	4930	                        Saccharomyces
0.07	1001	1001	S	4932	                          Saccharomyces cerevisiae
0.00	22	0	P	5204	            Basidiomycota
0.00	22	0	P1	452284	              Ustilaginomycotina
0.00	22	0	C	1538075	                Malasseziomycetes
0.00	22	0	O	162474	                  Malasseziales
0.00	22	0	F	742845	                    Malasseziaceae
0.00	22	0	G	55193	                      Malassezia
0.00	22	22	S	76775	                        Malassezia restricta
0.02	269	0	K	33208	        Metazoa
0.02	269	0	K1	6072	          Eumetazoa
0.02	269	0	K2	33213	            Bilateria
0.02	269	0	K3	33511	              Deuterostomia
0.02	269	0	P	7711	                Chordata
0.02	269	0	P1	89593	                  Craniata
0.02	269	0	P2	7742	                    Vertebrata
0.02	269	0	P3	7776	                      Gnathostomata
0.02	269	0	P4	117570	                        Teleostomi
0.02	269	0	P5	117571	                          Euteleostomi
0.02	269	0	P6	8287	                            Sarcopterygii
0.02	269	0	P7	1338369	                              Dipnotetrapodomorpha
0.02	269	0	P8	32523	                                Tetrapoda
0.02	269	0	P9	32524	                                  Amniota
0.02	269	0	C	40674	                                    Mammalia
0.02	269	0	C1	32525	                                      Theria
0.02	269	0	C2	9347	                                        Eutheria
0.02	269	0	C3	1437010	                                          Boreoeutheria
0.02	269	0	C4	314146	                                            Euarchontoglires
0.02	269	0	O	9443	                                              Primates
0.02	269	0	O1	376913	                                                Haplorrhini
0.02	269	0	O2	314293	                                                  Simiiformes
0.02	269	0	O3	9526	                                                    Catarrhini
0.02	269	0	O4	314295	                                                      Hominoidea
0.02	269	0	F	9604	                                                        Hominidae
0.02	269	0	F1	207598	                                                          Homininae
0.02	269	0	G	9605	                                                            Homo
0.02	269	269	S	9606	                                                              Homo sapiens
0.06	893	0	D1	2698737	      Sar
0.06	838	0	D2	33634	        Stramenopiles
0.06	838	0	D3	2696291	          Ochrophyta
0.06	838	0	P	2836	            Bacillariophyta
0.03	465	0	C	33849	              Bacillariophyceae
0.03	465	0	C1	33850	                Bacillariophycidae
0.03	465	0	O	38748	                  Naviculales
0.03	465	0	F	38749	                    Phaeodactylaceae
0.03	465	0	G	2849	                      Phaeodactylum
0.03	465	465	S	2850	                        Phaeodactylum tricornutum
0.02	372	0	C	33836	              Coscinodiscophyceae
0.02	372	0	C1	33846	                Thalassiosirophycidae
0.02	372	0	O	33847	                  Thalassiosirales
0.02	372	0	F	29202	                    Thalassiosiraceae
0.02	372	0	G	35127	                      Thalassiosira
0.02	372	372	S	35128	                        Thalassiosira pseudonana
0.00	43	0	D2	33630	        Alveolata
0.00	43	0	P	5794	          Apicomplexa
0.00	43	0	C	1280412	            Conoidasida
0.00	43	0	C1	5796	              Coccidia
0.00	43	0	O	75739	                Eucoccidiorida
0.00	43	0	O1	423054	                  Eimeriorina
0.00	27	0	F	5809	                    Sarcocystidae
0.00	27	0	G	5810	                      Toxoplasma
0.00	27	27	S	5811	                        Toxoplasma gondii
0.00	16	0	F	35082	                    Cryptosporidiidae
0.00	16	0	G	5806	                      Cryptosporidium
0.00	16	16	S	5807	                        Cryptosporidium parvum
0.00	12	0	D2	543769	        Rhizaria
0.00	12	0	P	136419	          Cercozoa
0.00	12	0	C	29197	            Chlorarachniophyceae
0.00	12	0	G	227085	              Bigelowiella
0.00	12	12	S	227086	                Bigelowiella natans
0.00	50	0	C	3027	      Cryptophyceae
0.00	27	0	O	589342	        Pyrenomonadales
0.00	27	0	F	589343	          Geminigeraceae
0.00	27	0	G	55528	            Guillardia
0.00	27	27	S	55529	              Guillardia theta
0.00	23	0	O	589350	        Cryptomonadales
0.00	23	0	F	2896	          Cryptomonadaceae
0.00	23	0	G	3030	            Cryptomonas
0.00	23	23	S	2898	              Cryptomonas paramecium
0.00	30	0	D	2157	    Archaea
0.00	30	0	P	28890	      Euryarchaeota
0.00	30	0	P1	2290931	        Stenosarchaea group
0.00	30	0	C	183963	          Halobacteria
0.00	30	0	O	2235	            Halobacteriales
0.00	30	0	F	1963268	              Haloarculaceae
0.00	30	0	G	63743	                Natronomonas
0.00	30	30	S	416273	                  Natronomonas moolapensis
0.00	14	0	D	10239	  Viruses
0.00	14	0	D1	2732004	    Varidnaviria
0.00	14	0	K	2732005	      Bamfordvirae
0.00	14	0	P	2732008	        Preplasmiviricota
0.00	14	0	C	2732529	          Tectiliviricetes
0.00	14	0	O	2732559	            Rowavirales
0.00	14	0	F	10508	              Adenoviridae
0.00	14	0	G	10509	                Mastadenovirus
0.00	14	14	S	129951	                  Human mastadenovirus C
